Context,Utterance,Label
"i think we could import the old comments via rsync, but from there we need to go via email. I think it is easier than caching the status on each bug and than import bits here and there __eou__ __eot__ it would be very easy to keep a hash db of message-ids  __eou__ sounds good __eou__ __eot__ ok __eou__ perhaps we can ship an ad-hoc apt_prefereces __eou__ __eot__ version? __eou__ __eot__ thanks __eou__ __eot__ not yet __eou__ it is covered by your insurance? __eou__ __eot__ yes __eou__ but it's really not the right time :/ __eou__ with a changing house upcoming in 3 weeks __eou__ __eot__ you will be moving into your house soon? __eou__ posted a message recently which explains what to do if the autoconfiguration does not do what you expect __eou__ __eot__ how urgent is #896? __eou__ __eot__ not particularly urgent, but a policy violation __eou__ __eot__ i agree that we should kill the -novtswitch __eou__ __eot__ ok __eou__ __eot__ would you consider a package split a feature? __eou__ __eot__ context? __eou__ __eot__ splitting xfonts* out of xfree86*. one upload for the rest of the life and that's it __eou__ __eot__ splitting the source package you mean? __eou__ __eot__ yes. same binary packages. __eou__ __eot__ I would prefer to avoid it at this stage.  this is something that has gone into XSF svn, I assume? __eou__ __eot__ ",basically each xfree86 upload will NOT force users to upgrade 100Mb of fonts for nothing __eou__ no something i did in my spare time. __eou__,1
"I'm not suggesting all - only the ones you modify. __eou__ __eot__ ok, it sounds like you're agreeing with me, then __eou__ though rather than ""the ones we modify"", my idea is ""the ones we need to merge"" __eou__ __eot__ ",sorry __eou__ i thought it was ubuntu related. __eou__,0
"afternoon all __eou__ not entirely related to warty, but if grub-install takes 5 minutes to install, is this a sign that i should just retry the install :) __eou__ __eot__ here  __eou__ __eot__ you might want to know that thinice in warty is buggy compared to that in sid __eou__ __eot__ and apparently GNOME is suddently almost perfect (out of the thinice problem), nobody report bugs :-P __eou__ I don't get your question, where do you want to paste ? __eou__ __eot__ can i file the panel not linking to eds? :) __eou__ __eot__ are you using alt ? or the windows key ? __eou__ wait for the gnome-themes, component will be added __eou__ __eot__ i just restarted X and now nautilus won't show the desktop :( __eou__ hal isn't starting :( __eou__ __eot__ do you think we have any interest to have hal support turned on in gnome-vfs at this point ? It increases the sources of problems for no real benefit imho ... __eou__ __eot__ is it a known bug that g-s-t doesn't know what distribution its running on? __eou__ are there any changes to desktop-file-utils you've got hidden away? __eou__ __eot__ somebody should really kick that guy *hard* __eou__ I've added a build-dep on libxt-dev in warty for zenity __eou__ __eot__ arse. xt-dev? i added libx11-dev __eou__ so just libxt-dev or libxt and libx11? __eou__ for future note, the xmodmap line in that X sticky-super fixes the problem for me __eou__ __eot__ ","Yep. __eou__ oh, okay. I wondered what happened to you __eou__ what distro do you need? __eou__ yes __eou__",0
"interesting __eou__ grub-install worked with / being ext3, failed when it was xfs __eou__ i thought d-i installed the relevant kernel for your machine. i have a p4 and its installed the 386 kernel __eou__ holy crap a lot of stuff gets installed by default :) __eou__ YOU ARE INSTALLING VIM ON A BOX OF MINE __eou__ ;) __eou__ __eot__ more like osx than debian ;) __eou__ we have a selection of python modules available for great justice (and python development) __eou__ __eot__ 2.8 is fixing them iirc __eou__ __eot__ pong __eou__ vino will be in __eou__ enjoying ubuntu? __eou__ __eot__ told me to come here __eou__ suggested thursday as a good day to come __eou__ __eot__ we froze versions a while back :) __eou__ you coming today or thursday? __eou__ we're considering shifting it __eou__ yay __eou__ enjoying ubuntu? __eou__ usplash! __eou__ __eot__ ",thats the one __eou__,1
"and because Python gives Mark a woody __eou__ __eot__ i'm not sure if we're meant to talk about that publically yet. __eou__ __eot__ and I thought we were a ""pants off"" kind of company ... :p __eou__ you need new glasses __eou__ __eot__ mono 1.0? dude, that's going to be a barrel of laughs for totally non-release related reasons during hoary __eou__ read bryan clark's entry about NetworkManager? __eou__ __eot__ there was an accompanying IRC conversation to that one <g> __eou__ explain ? __eou__ I guess you could ship the new png in the debian/ directory and copy them over in your rules __eou__ __eot__ but debian/ is also part of diff.gz... __eou__ you can fix this for the common people, dude! multiple tarballs in source! __eou__ __eot__ NOTWARTY, HTH, HAND, KTHXBYE <g> __eou__ everyone else had their macs stolen, so can't really comment __eou__ that picture of you is a classic __eou__ __eot__ which? __eou__ the best feature of the new imac is that the old imacs are going to be cheaper! __eou__ ooh, can you add that to the wiki? __eou__ __eot__ k. __eou__ you getting two-weeks-to-release edginess? __eou__ http://descent.netsplit.com/~scott/kids.mp3 -- but for releases __eou__ I played with an x300 about the time I bought my new laptop, it didn't feel solid at all __eou__ __eot__ which series is yours again? __eou__ nc8000? __eou__ mmm __eou__ __eot__ you have my sympathy __eou__ I'm trying to *find* the definition I wrote __eou__ __eot__ it'd be on Glossary __eou__ i know i wrote one there __eou__ __eot__ I'm trying to find the one with mdz's l33t dot madness __eou__ that would be a pretty good look for you :p __eou__ bandwidth bills? __eou__ __eot__ i'm reverting the wifi change; i don't think the bars are the right thing, but they're better than the current one. __eou__ ooh, that'd be rad __eou__ __eot__ not about waiting?  clearly you haven't tried to read a site that's just made slashdot? __eou__ __eot__ ",(i thought someone was going to make a joke about .au bandwidth...) __eou__ especially not if you're using screen ;) __eou__,1
"OOo should be there and installed by default, yes __eou__ use UNKNOWN in cases where a bug component doesn't exist __eou__ uh? every British keyboard I've used is pc105 __eou__ __eot__ for me, orinoco_cs is loaded my the pcmcia layer __eou__ __eot__ oh, you mean all of this is just plugdev? __eou__ __eot__ the plugdev group and all admin tools expecting sudo to work are the first two major issues i can see __eou__ __eot__ sourcing the bash completion script slows down starting a shell by a good second for me :( __eou__ __eot__ there is that :/ __eou__ __eot__ interestingly, though, ntpdate runs before pcmcia __eou__ __eot__ urgh :) __eou__ __eot__ oh, this is the ""we must install exactly the same set of packages on every system!"" thing __eou__ I keep meaning to jump up and down on mdz and jdub's heads until they relent in the case of pcmcia-cs :) __eou__ __eot__ ",'unrar' __eou__ `apt-cache show unrar` __eou__,0
"edd will turn up here soon too, btw __eou__ __eot__ should we rename this chan #gnome-hackers ? :) __eou__ around ? __eou__ what's going on about desktop files ? __eou__ around ? __eou__ directly ? __eou__ __eot__ ross is here __eou__ __eot__ ","you need to go out of the sleepy mode dude __eou__ gnomedb should be 1.1.x since it's a GNOME part, right ? __eou__",1
"the X keyboard layout debconf thing should give gb as an example for england as i can never remember what the code is __eou__ __eot__ that's going to die MUAHAHAHAHAHAHAHAHAHAHAHAHAHA!*cough*splutter* __eou__ __eot__ so, what is HCT? __eou__ __eot__ the Hypothetical Changeset Tool; I'll explain it after lunch if you want __eou__ __eot__  and this is why i turn on skip break __eou__ __eot__ ",just rm __eou__ no __eou__,0
"and because Python gives Mark a woody __eou__ __eot__ I thought it gave him a warty __eou__ __eot__ watch out, it probably makes all your files writable or something __eou__ warty base ... has that not been set with priorities? __eou__ __eot__ debootstrap __eou__ do you think we need ACPI fan module support in d-i? __eou__ certainly some nCipher people are a bit worried about the whole thing ... __eou__ __eot__ yeah, we've been making far too many ""feature"" changes too close to the release __eou__ __eot__ AIUI we've fixed the really broken bits __eou__ __eot__ they end up getting *used* for things __eou__ __eot__ whoa, that's a stupid idea __eou__ __eot__ huh?  it uses it by default? __eou__ __eot__ ",you on wireless?.. __eou__,0
"thanks a lot! __eou__ __eot__ you're welcome __eou__ __eot__ hm, I'm still seeing the gnome ""/dev/pmu permission"" thing, wasn't it supposed to be fixed a while back? __eou__ __eot__ no, the bug's still open I'm afraid __eou__ __eot__ ah, dang __eou__ oooh __eou__ __eot__ it's not just locking, visudo validates the file __eou__ changing the gnome-session splash screen is tediously hard __eou__ nothing that involves gconf-editor can possibly be described as easy __eou__ __eot__ ",are you forgetting the . ?? __eou__,0
"do you know about this problem ? __eou__ __eot__ no __eou__ __eot__ we should have a http entry in the defaut sources.list ? __eou__ trashapplet doesn't work at all for you ?  __eou__ could you add ~/Documents and ~/.Trash to the default skel ? __eou__ __eot__ are we going to merge gdm 2.6.0.4-1 from Debian? __eou__ I need some of the adjustments it made to LANG handling __eou__ (I'm happy to merge just that one change though, and can do that now) __eou__ __eot__ hum __eou__  the debian d-i business card (rc1) for ppc is known to have some problems in the base packages ? __eou__ oups :p __eou__ __eot__ what's your failure? __eou__ scroll up __eou__ there's another approach __eou__ after ""loading installer components from CD"" and before the base installation, edit /var/lib/dpkg/info/base-installer.postinst __eou__ look for ""linux-image"", and you'll find two lines like this __eou__ change them to this: __eou__ cron error from processall __eou__ ok, that's now bug #270528; #270465 ""never existed"". __eou__ __eot__ working daily ? :) __eou__ __eot__ dunno yet __eou__ __eot__ ",unset LANGUAGE && LANG=en_GB.UTF-8 gnome-terminal ? __eou__ LANGUAGE is read before LANG IIRC __eou__,1
"hum, just mail me if you want __eou__ I'll follow the mail on the internal list __eou__ yes __eou__ __eot__ gnome-settings-daemon is working! __eou__ __eot__ Kamion has fixed it __eou__ __eot__ everything still has .menu files, right? so installing the menu package and some hackery can get the Debian menu back? __eou__ __eot__ no, we need a gnome-panel code change for this __eou__ __eot__ ah, suck __eou__ __eot__ the issue is ""we should add .desktop file for the apps which need it"" __eou__ __eot__ = all packages providng user-runnable programs? __eou__ __eot__ that's a sensible question. We don't want to reacreate the mess of the debian menu ... __eou__ so not easy to know which app has its place in the menu or not :) __eou__ __eot__ hehe, right __eou__ can we just get debian to include the desktop files and then get menu items for free in ubuntu? __eou__ __eot__ that's the plan __eou__ that's not a bug, new gnomevfs conflicts with old panel __eou__ __eot__ ",hm __eou__,1
"? __eou__ in fact jdub said him that today was a good day to come __eou__ __eot__ k __eou__ the entire menu? nice :D __eou__ __eot__ that's a sub-menu of Applications dude :) __eou__ __eot__ heh, if I didn't have enough with gtk and nautilus for ""big uploads I need to do"", I just did abiword to complete the set :) __eou__ yeah, still :) __eou__ __eot__ yes, I've seen that __eou__ but I've not seen the nautilus one __eou__ do you need some help for the uploads ? __eou__ __eot__ I guess I can manage, but if I haven't done them by tomorrow at 17:00 I guess you could do one of gtk or nautilus __eou__ __eot__ ok, just let me know __eou__ __eot__ what's wrong with the suspend bit? __eou__ __eot__ what ? __eou__ do you know how to apply a patch to openoffice package in a proper way ? :) __eou__ __eot__ I'm leaving this stupid place in 1 minute __eou__ or #debian-oo __eou__ __eot__ ",ok __eou__ we don't have any GNOME soft good for this __eou__,1
"not too long then __eou__ check if my house is on fire on the way through -- it's by the trainline on the way out __eou__ __eot__ we need depends in init scripts :p __eou__ __eot__ bonjour, a va? __eou__ __eot__ trs bien merci :) Et toi ? On parle franais aujourd'hui ? :) __eou__ yeah schemas in /etc is a bad idea, will be fixed but not for warty __eou__ __eot__ oi, bitch! :p __eou__ weird, needed to nuke ~/.gnome2/session to get my icons and cursor theme again __eou__ __eot__ have you kept the faulty one ? __eou__ __eot__ /usr/share/control-center-2.0/capplets/vino-properties.desktop has Icon=gnome-remote-desktop.png __eou__ __eot__ have you started the session with gdm ? __eou__ __eot__ gtkhtml3.2 conflicts with gtkhtml3.1 __eou__ are you really sure you've fixed the gnome-settings-daemon problem?  nautilus is currently refusing to respond to a background change notification __eou__ __eot__ which problem ? __eou__ __eot__ ","well, nautilus wasn't reacting to any changes in the background (from the properties) dialog until it was killed and respawned __eou__",1
"oh, random point ... we're listed as FieldWave Ltd here __eou__ __eot__ Thanks. That's actually rather useful to know :) __eou__ __eot__ ",#? __eou__ Sub-process /usr/bin/dpkg returned an error code (1) __eou__,1
"on yer bike! __eou__ not even for gdmflexiserver xnest loving? __eou__ that is intentional. :-) __eou__ __eot__ no dude, i mean the white paper ones. __eou__ __eot__ ... oh?! __eou__ __eot__ turns out i preserved /home __eou__ rather then starting completely over. __eou__ __eot__ what do you think about adding current gnome-bluetooth foo to universe? __eou__ __eot__ ","vaguely shaky, as i didn't even upload it to sid... __eou__",1
"dude, stop slagging off our weather.  british weather is fun, it keeps you on your toes :) __eou__ dude, you went home! __eou__ __eot__ dude, yex __eou__ you're going to love it :) __eou__ __eot__ ",there is another cd burning patch for rhythmbox... __eou__,1
it's not clear from your emails etc. whether it's ok to talk in public about this? __eou__ __eot__ yeah __eou__ we'd kinda like to keep it quiet ;) __eou__ i've updated the FAQ page on the wiki __eou__ __eot__ ,i think that tutorial is outdated - very first instruction fails __eou__ and it differs slightly to what ubotu has to say __eou__,0
"Can you sort me out a wiki account? __eou__ __eot__ for warty? __eou__ __eot__ Built against unstable, so ought to work fine in warty __eou__ It's in http://www.codon.org.uk/~mjg59/tmp/ __eou__ __eot__ building __eou__ works here __eou__ __eot__ ","default for recovery mode is to not ask for password, if it does, it msy well have. __eou__",0
you just click UserPreferences and create one ... __eou__ __eot__ I can't access the wiki at all - it throws http auth at me __eou__ __eot__ ,unless nat gets distracted by something shinier <g> __eou__,1
I don't believe APT does support rsync __eou__ __eot__ I think I was thinking of ssh __eou__ __eot__ ,"heh :) __eou__ Kinnison just called me -- apparently, inspiration has struck regarding grub-install and XFS __eou__ can you call him? __eou__",1
"hey dieman, good to see you __eou__ __eot__ nice to see you too. __eou__ __eot__ there's a pkg-diff tool ... __eou__ yeah __eou__ daily/current/ __eou__ 30/40-some gig __eou__ __eot__ yikes __eou__ i might just rsync the 'current' dirs __eou__ __eot__ that makes more sense __eou__ eventually you'll probably just want to take /releases/ __eou__ yes, a direct copy __eou__ cool __eou__ __eot__ is discover1-data sync'ed with sid? __eou__ in ubuntu? __eou__ __eot__ ",oh okay thanks for the tip... ill have to learn more then to figure that out but wont worry that for now as this laptop should last __eou__,0
"hmm __eou__ im going to have to compare our packages list to the seeds. __eou__ and figure out whats left over __eou__ __eot__ ooh, please post to the mailing list when you do __eou__ __eot__ sure __eou__ __eot__ just working out how we can make an easy to use list of all our supported packages for you to compare against -> easier than comparing with the seeds ;) __eou__ we basically disable discover __eou__ __eot__ ahh, ok __eou__ __eot__ haha :) oops __eou__ __eot__ ","btw, metaverse was a great idea, i'm impressed with it so far. __eou__ or whatever this non-free stuff in ubuntu thing is :) __eou__",1
"so how does laptop-detect work? __eou__ __eot__ with some nasty sed and grep __eou__ get off the train, walk to taxi, say ""the oxford hotel"" __eou__ __eot__ sounds easy. oxford only has one station i presume __eou__ __eot__ yep __eou__ the big signs saying canonical will probably be a clue :-) __eou__ __eot__ i might call you when i get there to find someone i know :) __eou__ __eot__ that's a feature __eou__ learn to count :-) __eou__ shame about it's author __eou__ __eot__ the no-armed frenchman you mean? i just package it __eou__ actually, there is probably still RossCode in it  __eou__ i'm still waiting for the patch __eou__ __eot__ pffft __eou__ __eot__ thought i've nearly got quality sorted! __eou__ __eot__ cool :-) __eou__ hrm, care to file a bug to remove ephy web bookmarks for us, too? __eou__ does it work correctly in debian? do you not get any events at all when you plug it in post boot? __eou__ __eot__ dude, its 11 and you've just had breakfast. get up earlier you slacker __eou__ __eot__ i've been up since 8 :-) __eou__ __eot__ http://www.advogato.org/person/alex/diary.html?start=10. per-user apache daemons...  __eou__ __eot__ heh, nice __eou__ preforking with no modules loaded, 2M is about right __eou__ jdub hates __eou__ if your install isn't recent, you need to add 'restricted' to your apt sources __eou__ __eot__ thanks __eou__ fool, you should have got some sleep __eou__ __eot__ ","yay :-) __eou__ ooh, lovely __eou__",1
"did robot101 left already?` __eou__ __eot__ yeah, yesterday __eou__ have fun, and congrats __eou__ __eot__ i would love to know that... __eou__ can you do a test for me if you can? but you will have to exit X __eou__ ??? __eou__ __eot__ yes, it's 105. most everything that isn't US is 105 aiui __eou__ s/until/as long as/ __eou__ __eot__ thanks :-) __eou__ no idea... __eou__ fresh install of crack of the day: gdm login -> ""can't access ACPI bla bla bla"" __eou__ you don't want to be me... __eou__ ah, it happened to you too? (the gdm start)... __eou__ for the resolution too low, we need to change xresprobe. __eou__ X doesn't guess or scale anything. It just accept xresprobe output as-is __eou__ __eot__ it's the old thing - i get 1280x1024 added to the end of the line, but this is an lcd monitor, and that's the native res __eou__ __eot__ yes. i remember that... we need to change xresprobe to not sort resolutions __eou__ did you report gdm not starting on a fresh install? __eou__ __eot__ no, will do __eou__ __eot__ ",i can do it.. don't worry __eou__ gdm? __eou__,1
"damn, your french is good, better than my english ... we should talk french here :) __eou__ yeah, I know that feeling :p __eou__ __eot__ what, your french sucking?  __eou__ that sounds reasonable __eou__ ^ __eou__ dude __eou__ __eot__ what ? __eou__ __eot__ fresh install. gedit appears to be http handler again __eou__ __eot__ same problem, gconf key for enable off ? __eou__ __eot__ yeah __eou__ both http and https have command and enabled set to <no value> __eou__ __eot__ LC_ALL=C HOME=/root GCONF_CONFIG_SOURCE=`gconftool-2 --get-default-source` gconftool-2 --makefile-install-rule /usr/share/gconf/schemas/desktop_gnome_url_handlers.schemas && killall gconfd-2 and then look at the key again helps ? __eou__ oups, s#/usr/share/#/etc/# __eou__ __eot__ ","listen i'm not your wikipedia. __eou__ if you don't want to do it, then don't. ;) __eou__",0
"we have reached the string freeze IIRC __eou__ warty or debian ? __eou__ ok __eou__ we have not moved the schemas in warty __eou__ no idea __eou__ they should never change __eou__ me ? no __eou__ but I don't package evolution :) __eou__ and I want the new evolution1.5 release packaged __eou__ new fileselector in this one __eou__ __eot__ yeah, it looks nice too :0 __eou__ __eot__ sorry, I've not had time to look on your patch yet, but I don't forget it, don't worry __eou__ __eot__ Its ok, I'll do the changes, just keep working __eou__ I'm waiting for the new pmount as well __eou__ sorry, my bad __eou__ I think we may roll back that patch anyway __eou__ __eot__ no problem, don't worry __eou__ what's a ""pretty initscript"" ? (ie: what are you changing in the script ?) __eou__ __eot__ all output in all initscripts is being change to use the output functions from /lib/lsb/init-functions __eou__ actually, I've secretly encoded picures of beautiful women into the initscript code ;) __eou__ __eot__ cool :) __eou__ that's industrial icon theme __eou__ __eot__ they take up most of my screen __eou__ and I'm running at 1600x1200 __eou__ __eot__ ok, so that not. i've the feeling that industrial icon are like 1.5 bigger here, but not taking most of the screen __eou__ __eot__ ",no worries! __eou__,0
"hi there __eou__ please mail the sounders list -> we should really look at that __eou__ __eot__ I do not really want subscribing to YAML. I added a note in the wiki earlier today __eou__ __eot__ yeah, so hopefully we'll be shipping gpdf by default in Hoary, with mozilla plugin goodness. __eou__ __eot__ is it in gnome 2.8? I haven't seen it yet __eou__ __eot__ ",look at /usr/share/doc/binutils/ then __eou__,0
"she doesn't get to until I get home. __eou__ gnome USB palm.  config. __eou__ __eot__ what's the problem? __eou__ __eot__ probably user error. __eou__ and then if there's a ""setting up your USB palm with evolution"" howto-for-the-clueless, that'd be wonderful.. __eou__ __eot__ hrm, dunno __eou__ __eot__ someone's blog, I imagine? __eou__ __eot__ ","mmm, gnome dude from perth __eou__ btw, __eou__",1
"isos downloading, eta an hour and change __eou__ __eot__ you might just get to it before lamont's winona does, then ;-) __eou__ hrm, those are the ""gdm/x did not start"" dialogues __eou__ utf-8 problems with dialog __eou__ __eot__ ",automated __eou__,0
"yo dude __eou__ __eot__ dude __eou__ __eot__ 'sup? __eou__ __eot__ been fun watching the .us and .au swimmers duke it out in the Olympic swim meet... __eou__ __eot__ heh __eou__ __eot__ see you next week? __eou__ __eot__ oh, auug, right. rock. __eou__ just drop me an email, or call +61 403 505 896 __eou__ __eot__ I arrive Tuesday morning your time, depart Fri morning, will be staying at the Duxton __eou__ __eot__ ... three days? __eou__ __eot__ short visit this time, my daughter is participating in a state-level violin competition a week from tomorrow, I want to be home for that. __eou__ __eot__ ","last time I tryed Enlightenment, it wasnt very stable __eou__ it's been about a year tho __eou__",0
"fab __eou__ and where are you in the hotel? __eou__ or should i just follow my nose for the smell of laptops and stale sweat? __eou__ __eot__ i am in finnstock __eou__ were you searching for me before? __eou__ did you upgrade or did you install xserver? __eou__ it works if it can detect everything.. yes. __eou__ you around? __eou__ __eot__ done __eou__ __eot__ are you on a laptop? __eou__ __eot__ no, desktop with iiyama lcd __eou__ __eot__ chipset? __eou__ __eot__ nVidia Corporation NV18 __eou__ in X or from a console? __eou__ __eot__ ",wpa2 ? __eou__,0
"yo __eou__ walk in, turn left, first right into the conference centre, up the stairs, first right to the end into the cherwell room __eou__ i suggest 'mad phat' __eou__ __eot__ you can only say ""mad phat"" if cruising down a street with jdub's banging ghetto blaster __eou__ so my lcd manual says it supports ""ddc 1/2b"" yet xresprobe says its a generic monitor (non ddc) __eou__ __eot__ what does ddcprobe say? __eou__ pc104 used to work, but now you just silently use a key :) __eou__ __eot__ i'll torment you as well unless you tell me where your x.org debs are ;) __eou__ __eot__ http://fooishbar.org/daniel/canonical-x/, i'm not even going to tell you what the deb line is because HERE BE DRAGONS, seriously __eou__ if you really, seriously need them, i'll upload all the source packages form my laptop; expecting those ones to even install is a bit of a stretch as i was in the middle of redoing all of them when i started exclusively working on warty concerns __eou__ __eot__ i keep on thinking about playing with composite et al, that is all __eou__ __eot__ ah. probably best to just bust out jhbuild and build kdrive, then? __eou__ __eot__ yeah __eou__ its great __eou__ hoff and shatner are in it __eou__ __eot__ DUDE! no shit? __eou__ __eot__ http://imdb.com/title/tt0364725/fullcredits __eou__ isn't that against some international law? __eou__ isn't this pleasant? __eou__ __eot__ yeah, just accidentally whacked the wrong key. how's things? __eou__ __eot__ ",not bad. finally saw Shaun Of The Dead so things are looking up. you? __eou__,1
"hey dude __eou__ __eot__ howerya __eou__ __eot__ not too bad, trying to find a way to get me a ticket to melbourne in my hand before friday morning __eou__ __eot__ yes, 9th-17th :) __eou__ __eot__ ", good luck. all i can say is. I hope you got backups handy also. __eou__,0
"I'm in wooten with Jeff and some other guys __eou__ __eot__ any reason why i need to join there? __eou__ __eot__ no __eou__ s/fabbione/rburton/ in fact __eou__ already heard about such problem ? __eou__ jdub is waiting for the new libsoup/gtkhtml/evolution packages to fix evolution-* __eou__ I was kind of waiting for kitame packages in debian to spare some work, usually he packages them pretty quickly __eou__ __eot__ well the problem is that warty is not installable atm. __eou__ and all dailys are crack __eou__ __eot__ outch, ok __eou__ __eot__ ok thanks. __eou__ pinf __eou__ gnome-games __eou__ anything simple that works is fine. i don't need anything fancy __eou__ qcad looks good :) __eou__ __eot__ ","about #1045, you're sure the buffer is lost ? IIRC you can switch back to the console __eou__",1
"nobody here has __eou__ http://people.debian.org/~joey/3.0r3/ has a couple packages in ""need more info"" status because they never built on hppa and/or ia64 ... got time to take a peek? __eou__ __eot__ curious... all of the packages marked 'MISSING hppa' I've looked at are either (1) built successfully long ago, or (2) not tried __eou__ __eot__ debian-only package (debootstrap) that I'm about to NMU has version 0.2.44 ... is 0.2.44.1 the right version for me to use for a source NMU? __eou__ __eot__ that's what I'd use __eou__ __eot__ thanks, I'm never sure what to do with debian-only version numbers... __eou__ __eot__ it's really a question of whether or not the previous version was an NMU.. __eou__ __eot__ to the best of my knowledge, dselect is still the only front-end to package management that gets the handling of all dependency types right. __eou__ __eot__ ","yeah, but if you have binaries in your package, that depend on a shlib, is it _LEGAL_ to make that just a recommends? __eou__",1
more or less all of the loose machines available for trying things out here are non-i386 systems...  __eou__ __eot__ sudo -s __eou__ what kernel are you running on your laptop these days? __eou__ __eot__ ,on the nc4000? __eou__ locally-built 2.6.8.1 __eou__,1
"I only have a single machine here, so I want to make sure that it's actually serving properly without resorting to multiple X servers __eou__ Do you want source or is a deb fine? __eou__ __eot__ just vncclient to localhost __eou__ __eot__ ",Doesn't that go horribly wrong? __eou__ s/locale/locate/ ? __eou__,1
"anyone awake? __eou__ I just had the same problem as bdale yesterday __eou__ I had to manually add my driver to the XF86Config __eou__ I had the same garbled text dialogs also. __eou__ __eot__ which driver was written in the config file? __eou__ if you notice a bug in sid pleaase report it to Debian. If the same behaviour happens with warty, please let us know and we will track the bug as well __eou__ __eot__ ","my fellow opera, I can't view embedded video on webpages. can you? __eou__",0
"the c3, dude __eou__ __eot__ ping __eou__ __eot__ pong __eou__ __eot__ is jriddell a sane kde dude? __eou__ __eot__ yeah __eou__ he seems to be, at any rate __eou__ __eot__ so who do you reckon i should start talking to about kubuntu? __eou__ __eot__ i don't know if mornfall or ervin have tried it; they seemed quite busy. have they emailed you? __eou__ i think jriddell could quite well be a sane kubuntu seed __eou__ blardy hell. :\ __eou__ yeah, i think that could be good __eou__ __eot__ did you speak to him at akademy? __eou__ __eot__ actually, no; go figure __eou__ __eot__ intriguing __eou__ so did akademy keep the kde flame burning inside your heart? __eou__ __eot__ the pilot light was out, and it didn't even provide a bit of gas __eou__ the discussion about the control centre was classic. they were talking about doing macrousability on it, and i put my hand up and pointed out that even when I was hacking on it, it still took me 5 minutes to find what I want, and got a bit of scorn for that __eou__ __eot__ are you coming up for debsig? __eou__ __eot__ yeah, probably just for the day though __eou__ that's probably fun with framebuffers __eou__ acpi=force __eou__ __eot__ ","yeah, it says that right next to it... but i don't think i want to :) __eou__",1
"when i find a network connection for the c3, i'll get you its dsdt __eou__ __eot__ dsdts? __eou__ __eot__ \o/ UBUNTU __eou__ heh __eou__ your job is to entertain me so I don't fall asleep at 2pm and totally destroy my migration to AEST __eou__ what specifically from D-BUS do you need? we can probably backport it __eou__ __eot__ Rock __eou__ __eot__ um, I've not had any problems with the acpi.sf.net patch (default Warty kernel) __eou__ __eot__ For suspend-to-disk __eou__ Oh, yeah, I was supposed to tell you what was needed from CVS dbus for Beagle... __eou__ __eot__ if you wanted a backport, yeah ;) __eou__ __eot__ The BusDriver.cs stuff in the mono directory __eou__ __eot__ ok, I'll check it out __eou__ __eot__ Basically, everything trow has added since the end of August __eou__ __eot__ 'k __eou__ 16 million? __eou__ __eot__ If I think big all the time, I am disappointed all the time. As a result, I am used to disappointment and rarely feel unhappy. __eou__ __eot__ your LiveJournal disagrees with you __eou__ __eot__ Anger does not imply unhappiness __eou__ __eot__ fair enough __eou__ __eot__ This is, uh, not strictly true __eou__ __eot__ hey man, did you *feel* how hot that thing got? __eou__ __eot__ I've got the craptop ready and waiting for VIA driver updates... __eou__ __eot__ ","at the moment, as fabbione alluded to, you get to pick which half of the deployed Via userbase you want to screw __eou__ yay! __eou__ yeah, I think it totally screwed DFP users also __eou__ OBNOXIOUS HIGHLIGHTING TRIGGER ^^ __eou__ hm, I thought fglrx used DRI __eou__",1
"oh __eou__ i am slow :) __eou__ haha, thought you were in wootton# __eou__ __eot__ damn it... __eou__ can you tell the bastard that he should have come on tuesday? __eou__ __eot__ whoa, d'Ubuntu! :) __eou__ __eot__ ",choose __eou__ sounds great doesn't it? :) __eou__ does that exist? __eou__,1
is Kamion around? __eou__ ok thanks __eou__ ubuntu6 has a few nasty bugs we want fixed __eou__ i am building a test release right now __eou__ __eot__ any eta on new images? __eou__ __eot__ i think there will be soon new images with the new X __eou__ __eot__ cool.. just clearing out some spare drives so I can do a number of installs __eou__ __eot__ X on Sounder6 is safe __eou__ __eot__ no probs __eou__ __eot__ uk __eou__ rsync is your friend __eou__ i sugget to use rsync __eou__ rsync will fix the iso __eou__ __eot__ rsync won't bring back the directory inode __eou__ __eot__ that's not completely true... __eou__ __eot__ ,esp since it's 8pm here __eou__,1
"this is _good_ crack. __eou__ __eot__ yup __eou__ __eot__ that was last friday. :) __eou__ __eot__ we bought the house today !:) __eou__ ALWAYS! __eou__ are you busy? __eou__ __eot__ I think it might return ppc64 as well __eou__ I will, I think __eou__ __eot__ we still have the BTS via IMAP access :-) __eou__ __eot__ ",What would you then call it? __eou__,0
is Kamion around? __eou__ __eot__ I think he's sleeping __eou__ __eot__ we will need another X kick today __eou__ __eot__ ,"no, it is a launch script for a program called ren'py. __eou__",0
"good morning ;) __eou__ did you see justdave's gvm autorun default issue? __eou__ __eot__ yes, I did __eou__ I know what the problem is, but I don't quiet know how to solve it yet __eou__ __eot__ modify the schemas file __eou__ __eot__ I'm not sure what you mean __eou__ __eot__ the defaults are defined in the gconf schema file __eou__ included with gvm __eou__ __eot__ I think we may be talking about different issues __eou__ __eot__ justdave said autorun was on by default (which doesn't sound right to me, but...) __eou__ it's not a sane default (even though almost nothing uses autorun, but if something shitty did, then that would suck) __eou__ __eot__ ok, we can disable it __eou__ do all the file names need to change as well (ubuntu-artwork)? __eou__ __eot__ as opposed to just the theme dir names? __eou__ __eot__ mdz: gvm *does* prompt before running __eou__ I mean like the image filenames __eou__ __eot__ ","basically, they buy back it from you __eou__ refunding you the money __eou__",0
"Aug 23 11:52:25 buildd-mail: openssh has been installed; removing from upload dir: __eou__ hilltop has been happy all night __eou__ that's about 10 minutes work, all told __eou__ I wonder if it would be possible to get the cd-creation code and an rsync-able directory of the ISO contents somewhere - that'd probably go faster than rsync'ing the iso, I think __eou__ __eot__ the CD-creation code is at http://ftp.no-name-yet.com/cdimage/code/ plus colin.watson@canonical.com--2004/cdimage--mainline--0, but I wouldn't really advise doing it that way at the moment ... __eou__ you could also try netboot? __eou__ __eot__ yeah, I could at that.  What I'm actually going to do is hit an internet cafe in town tonight __eou__ __eot__ have any of the amd64 buildds tried to build debian-installer yet? All the build-deps should be there now. __eou__ __eot__ checking __eou__ __eot__ aha __eou__ sarge is in a somewhat better position because it didn't freeze d-i in the middle of doing sata support ;) __eou__ __eot__ ln: accessing `./tmp/netboot_2.6/cd_tree/linux': No such file or directory __eou__ __eot__ ", xp __eou__  what can i do now plz __eou__,0
"known bug. check bugs.debian.org/src:xfree86 __eou__ permission denied. please do a chmod 644 P* or something __eou__ just stay around. i might need you to do some stuff for me __eou__ do you have a full copy of that oops? __eou__ i know there is a way to get it dumped via network, but i am not sure how reliable it is and how it works exactly. __eou__ __eot__ I'm waiting approval to join the sounder list.  Can you send me a copy of your message? __eou__ __eot__ haven't written it yet. __eou__ basically you copy the entire oops in a file __eou__ apt-get install kernel-source-2.6.7 && cd /usr/src && tar jxvfp kernel-source-2.6.7.tar.bz2 && cd kernel-source-2.6.7/Documentation __eou__ __eot__ I had the same oops on boot again.  Didn't get time to take notes, but at least it seems like a regular thing ;-)  I'll take notes next time. __eou__ __eot__ ok.. but please try to do it. __eou__ __eot__ ",PDT: http://www.zend.com/pdt __eou__,0
"setuid /bin/mount is going to be disabled in favour of pmount, which doesn't require entries in fstab __eou__ done __eou__ speaking of hate mail, we need to re-enable the hostname question in d-i __eou__ __eot__ under all circumstances, I take it? __eou__ __eot__ I would say so __eou__ __eot__ done __eou__ __eot__ I will accept responsibility for the additional question :-) __eou__ what time were you planning to roll Sounder 7? __eou__ you're free to statoverride /bin/mount and edit fstab __eou__ if you need to start now, then do it.  it's more important to get sounder 7 out than to have usplash __eou__ that's a known bug in thom's acpid upload __eou__ please do file a bug to remind him __eou__ if you have time to do it, reverting ubuntu4 is fine with me __eou__ I believe the final scheme for the version number was with a dash (4-10) __eou__ __eot__ indeed. it's a Recommends: thing, fixed __eou__ actually, if we're going the archive-copier route we absolutely want this approach __eou__ __eot__ archive-copier would handle base as well? __eou__ does this include all of the shipseed additions we made in Oxford? __eou__ __eot__ that's all entirely automatic now, so yes __eou__ __eot__ barking? __eou__ archive-copier seems to do the right thing for me, as far as copying __eou__ __eot__ apt-cdrom add, too __eou__ __eot__ by the time I logged in on vt2 to look, /var/cache/apt/archives was empty __eou__ __eot__ oh, damn, I forgot to mention that; you also need to boot with KEEP_DEBS=yes __eou__ apparently this happens when xresprobe can't __eou__ __eot__ ","ok, cool, well long story short,,, XP installed first, then 7, then ubuntu... (MBR<--GRUB2)  MBR contained ""earlier version of windows"" [which is XP], and ""Windows 7"";;; to get there i had to select Windows 7 (loader)...   OK, then xp got a virus, so i activated the 7 partition and migrated the xp BOOT record to 7's partition and told 7 to allocate the free space xp left behind; so... __eou__",0
"we need to make sure that cdroms (and other removable media) do not end up in fstab __eou__ all removable media needs to be handled by pmount, which will refuse to mount anything in fstab (for good reason) __eou__ __eot__ presumably I should make the same quietinit->splash change in yaboot-installer? __eou__ __eot__ yes __eou__ __eot__ done __eou__ (was the actual option change in sysvinit, or somewhere else?) __eou__ __eot__ sysvinit __eou__ usplash will also check for it and not display if it isn't there __eou__ sysvinit is already changed (at least the package is uploaded) __eou__ __eot__ the patch as posted is wrong, but I've tested with a similar change and it's fine __eou__ __eot__ if it works, can you patch it and upload it? __eou__ __eot__ ","sure, let's make it tomorrow though :-) __eou__",1
"what does the fb corruption look like? __eou__ __eot__ lots of dots and squggles, text is partly readable __eou__ also, apt seems unable to complete the install on several packages at the moment __eou__ __eot__ which packages? __eou__ __eot__ ^^^ __eou__ __eot__ they build 'em sturdy down there, apparently __eou__ those packages seem to install fine for me here __eou__ __eot__ over here they install fine, but then apt wants to install them again __eou__ __eot__ try apt-get clean? __eou__ __eot__ that fixed it, thanks __eou__ __eot__ that issue shouldn't affect upgrades from woody; I don't think that any Warty packages have the same version number as a woody package __eou__ yes, there are many such packages in that set (same version in sarge and warty) __eou__ __eot__ pitti: I'm in group plugdev, it's still not working. __eou__ __eot__ one difference is that some PCs have a line out which doubles as an amplified output __eou__ you were seeing that problem with opening files on a removable device also, weren't you? __eou__ __eot__ removable devices had been bad for me, but it's looking much better __eou__ hmm... yes, double-clicking a JPG in a /media/ popped-up nautilus window (USB pen storage) doesn't fire up any app __eou__ __eot__ I think we nailed the issue (executable permissions) __eou__ question: should users installing from CD have access, by default, to all of warty/main via http by default? __eou__ __eot__ ",There are a few developer addons to firefox where you can change client side code on the spot if you like __eou__ Dont know what a terminal emulator has to do with it though __eou__,0
"poke __eou__ __eot__ trying to remember if I asked if you were ppc or i386 __eou__ tivo series 1, eh? __eou__ remember to firewall the tivo, eh? __eou__ __eot__ yeah, series 1 __eou__ h8 that __eou__ debconf should be configurable to not mail. __eou__ __eot__ what kind of puppies? __eou__ awesome __eou__ __eot__ yeah, its working out pretty well __eou__ we might break a bit over even since theres 8(!) puppies. __eou__ we were hoping for at least 5 __eou__ __eot__ ","and I assume you did the right thing and pre-sold based on availability, yes? __eou__",1
you pinged the other day? (i only just got to a computer since friday) __eou__ __eot__ I pinged a few minutes ago __eou__ did you make a usplash package? __eou__ its ok __eou__ __eot__ please ensure that you have the dependencies on lsb-base correct when you upload init scripts __eou__ __eot__ please read the update I posted to your bug __eou__ lsb-base is part of base __eou__ all the sysvinit stuff depends on it __eou__ __eot__ i have it installed. you haven't ensured that i have the correct version __eou__ __eot__ ,"they're already all done is the problem __eou__ though, I suppose we may be able to script it __eou__ btw, the new initscripts uncovered a bug -- acpi-support loads before acpid.  however, acpid loads the modules for acpi, which acpi-support needs to grep the battery status __eou__ what email address do I assign it to? __eou__ (the acpi-support bug) __eou__",1
"right click on the desktop is not working for me __eou__ __eot__ nautilus manages the desktop ? the icons are displayed ? opening a dir on the desktop works ? __eou__ __eot__ nothing __eou__ hi __eou__ ok thanks __eou__ are the wifi / battery percentages disabled by default now? __eou__ __eot__ apparently no, they should ? __eou__ __eot__ correct __eou__ great work on the gnome packages, thank you! __eou__ __eot__ yes, apparently they are the same ... why ? __eou__ __eot__ superb work last night __eou__ __eot__ thanks __eou__ __eot__ what format are the app icons in? __eou__ __eot__ png most of the time __eou__ __eot__ size? __eou__ svg ok? __eou__ __eot__ ","let me check __eou__ the icon is a 48x48 png file, I've not tested with a svg one, but it should work __eou__",1
"anybody else seeing fb corruption during boot? __eou__ gdm / x are coming up fine but my console is b0rked __eou__ __eot__ which video card? __eou__ __eot__ no, it's my home desktop __eou__ __eot__ i remember fb broken on that laptop and iirc it was an ati too. perhaps it's just the kernel fb driver that is broken. we should give it a shot after we sync 2.6.8 __eou__ __eot__ yo! __eou__ __eot__ i suggest a mosedt 20 to 30% __eou__ __eot__ this is for first-time install __eou__ __eot__ i understand it's for first-time install.. if i had my speakers on at 70% i would have issues with the neighbours ;) __eou__ possibly.. they will start commenting on my work: ""oh no.. he is installing ubuntu again"" <g> __eou__ __eot__ maybe we can have a sound-levels test during installation? start low, and rise? __eou__ __eot__ if we switch to a GUI installer for hoary, i think we can easily integrate it. __eou__ or otherwise doing it at a later stage.. but yes i think it's doable __eou__ also for people installing from a modem? __eou__ not necessarely.. if we add the http stuff no... __eou__ __eot__ it would be nice to have the ""fetch latest updates"" as an option during the install __eou__ __eot__ option = question? __eou__ __eot__ would have to be __eou__ __eot__ as it is now after the install we suggest the http lines for main/restriced and universe as we agreed via email and we force security updates __eou__ that's more complicate yes.. __eou__ our installation is already big enough... __eou__ __eot__ good day today so far, lots of catching up. how's dannemark? __eou__ __eot__ if you declared renaming time 2 days ago i would have love you more :) __eou__ who isn't? ;) __eou__ isn't thom the one that likes to slice his fingers? ;) __eou__ would be an option to use #ubuntu-meeting ? __eou__ since it's already logged? __eou__ __eot__ ",type  startx  hit enter __eou__ sudo apt-get install human-theme __eou__,0
"that typically means that apt is seeing multiple packages with the same version number which are actually distinct __eou__ or else a broken pinning configuration __eou__ anything funny in /etc/apt/sources.list or /etc/apt/preferences? __eou__ __eot__ there's something definitely screwy with the archive __eou__ __eot__ stock Warty __eou__ apt-get install `debootstrap --print-debs ...` __eou__ it doesn't work to have both warty and unstable in sources.list __eou__ that's what hoary is for __eou__ __eot__ what kernel are you running? __eou__ #268154, yeah, reassign that bug one more time! <g> __eou__ __eot__ for some reason, deity@ doesn't seem to get notification when a bug is reassigned __eou__ __eot__ it so did :p __eou__ __eot__ well, it wasn't in my mailbox, and the bug report was __eou__ that's normal if you have two video cards... __eou__ __eot__ just one __eou__ __eot__ add --vendor and --model __eou__ that is, get rid of --format and replace it with --vendor and --model __eou__ most likely it's seeing another device and considering it a video card __eou__ ahh __eou__ __eot__ ", Hi __eou__ Do you have a minute please? __eou__,0
yow __eou__ __eot__ did you see my comment about base-config/sudoers? __eou__ __eot__ yes __eou__ __eot__ ,"I plan to change sudo to put 'Defaults !lecture,tty_tickets' in the standard sudoers file it creates in its postinst, and in base-config just append to the sudoers file. Sound good? __eou__",1
"how is amd64 looking? __eou__ __eot__ I see the same problem as everybody's seeing; wrt amd64, I've been spending most of the day sleeping and recovering from Oxford. __eou__ I need to whack ia32-libs into shape (and preferably amd64-libs too) and then get the new gcc in together with doko. __eou__ I can try. __eou__ that seemed to fix it, thx __eou__ it's trivial to check, though __eou__ __eot__ kernel-headers-`uname -r` should do __eou__ indeed __eou__ __eot__ I don't think you can ever get a corrupted image by rsyncing at the wrong time. __eou__ __eot__ probably not, but I could get yesterday's :-) __eou__ __eot__ well, true. :) __eou__ vim-crack ? __eou__ 896 seems ok, the TEXTREL segment is only present on i386 __eou__ so, technically, it's a policy violation, but we can ignore it, as it's correct on amd64. __eou__ fwiw, on MOSX apps, if you are in a ""dangerous"" application, you have the lock in the bottom right.. would something similar work? __eou__ __eot__ that'd be neat, something to look at for Hoary maybe __eou__ __eot__ nautilus could send ""window closed"" messages onto the dbus? ;) __eou__ load-testing to see whether an a2 setup with php seems to be safe or not. __eou__ __eot__ ", "mv: invalid option -- R __eou__,0
"should I try to upload again since I got no .upload file? __eou__ __eot__ sure; if there's no .upload, it either got deleted, or it was never uploaded __eou__ how is usplash going? __eou__ __eot__ we have usplash packages :) __eou__ __eot__ after setting up vesafb, I get: Starting Ubuntu..., delay while initrd runs, nice animation, then some kernel messages overwrite parts of it, then a black screen with scrolling text while the animation continues to play only in the center of the screen __eou__ __eot__ try sticking -- /bin/echo ""0 0 0 0"" > /proc/sys/kernel/printk -- in mountvirtfs just after the -- domount proc """" /proc -- line __eou__ also, does your kernel cmdline have console=tty1? __eou__ actually, with the console=tty1 option, you may not need the echo line __eou__ you *do* still need the echo line __eou__ __eot__ I tried with console=tty1; no difference __eou__ __eot__ are you getting initscript messages? or kernel messages? __eou__ if kernel, you need to add the echo line I mentioned __eou__ you get initscript messages after init switches to runlevel 2? __eou__ __eot__ correct __eou__ __eot__ ",at what point does gdm load on your system? Sxx in runlevel 2? __eou__,1
"A South African skydiver survived a 3,500 meter (11,500 ft) plunge after her parachute failed to open and lines broke on her reserve chute, a local skydiving club said Monday. __eou__ __eot__ turns out starting acpid in rcS causes problems __eou__ __eot__ what sort of problems? __eou__ __eot__ we start it before /var gets cleaned. so the socket goes away __eou__ are you happy for me to upload sulogin, by the way? __eou__ __eot__ yes __eou__ __eot__ is totally rad laptop support a feature goal? __eou__ __eot__ depends on your next question :-) __eou__ __eot__ netapplet is utterly rad... __eou__ http://tech9.net/rml/log/2004082401 __eou__ __eot__ looks like a totally rad hoary feature :-) __eou__ __eot__ and indeed http://www.nat.org/2004/august/ __eou__ i *knew* you were gonna say that __eou__ __eot__ how does the mozilla situation look? __eou__ __eot__ i got caught up in ddcprobe/xresprobe on amd64; just cooking dinner then will look __eou__ __eot__ I don't seem to have notes about your schedule; what hours are generally good for you as far as meetings and the like? __eou__ __eot__ i'm usually awake and working 10am-6pm (currently GMT+1) __eou__ __eot__ ",not installed? __eou__,0
"required some small mods to do that... __eou__ that's a london time __eou__ __eot__ gst-plugins0.8 is still not built, could you check if it's ftbfsing ? __eou__ oh ok, thanks __eou__ __eot__ theora is installed __eou__ __eot__ thanks __eou__ __eot__ it's kinda one of those assumptions - new gnome, seb uploads. :-)  You've been doing such an overkill job on it that, well... __eou__ yeah!  that's it/ __eou__ epiphany-browser_1.3.8-0ubuntu3 is missing an amd64 build-dep on gcc-3.4 __eou__ __eot__ I've applied the patch, dunno for the rest __eou__ __eot__ gdm looks to be missing a build-dep or 6... __eou__ __eot__ gdm is missing a Build-Depends ? Which one ? That's ubuntu14 ... weird that Build-Depends changed  __eou__ how is the gdm retry ? __eou__ __eot__ successful. __eou__ __eot__ ",heheh yes. __eou__ certainly not ;P __eou__,0
you've already uploaded the biarch ones? __eou__ __eot__ first biarch test succeeded :) __eou__ any packages already built and uploaded with gcc-3.4? __eou__ __eot__ ,"not to my knowledge. __eou__ I want to fix grub first, as soon as that is there, base should be fully installable __eou__ do you have an i386 system nearby and could test that the patch doesn't break i386? __eou__",1
"i wonder if that will happen to upgraders from woody? __eou__ __eot__ any package that we're shipping the same version as woody, which is already in your cache, will have issues.... :-( __eou__ and should there initial install fetch newer bits from the net if they're there, or just install from CD? __eou__ rpm has issues... __eou__ __eot__ ping __eou__ i'm going to run through it with you now, should we switch to a separate channel? __eou__ mornin'! __eou__ good work on postfix, btw __eou__ __eot__ ",ty __eou__,0
"gcc-3.3_1:3.3.4-9ubuntu1?? __eou__ __eot__ if the gcc packages failed to build, please send me the logs (or maybe the last 100 lines ...) __eou__ __eot__ OK. one more round on ppc... __eou__ found it. __eou__ __eot__ sorry, didn't see. __eou__ __eot__ np.  I knew that I had a bug that had the needed info in it, just couldn't find it for a bit.. (was closed a while back..) __eou__ __eot__ do you know, what probably is wrong with gcc-3.4's sonames? __eou__ __eot__ ",no clue  __eou__,1
"that was ftbfs on ppc/amd64 __eou__ __eot__ why? __eou__ __eot__ /usr/bin/ld: skipping incompatible /usr/lib/gcc-lib/x86_64-linux/3.3.4/../../../libc.so when searching for -lc __eou__ __eot__ ok, missing ia32-libs-dev build-dependency. __eou__ I wonder why it failed on ppc, though __eou__ __eot__ actually, that could just be ppc flakiness - I'll see if giving it back helpo __eou__ __eot__ goodie, I don't see why it should fail on ppc (though, I haven't looked at the source, just listened to what doko's told me) __eou__ __eot__ ",gcc-3.4 is d-w amd64-libs-dev __eou__,1
"Oskuro, Mithrandir, rburton: good morning! __eou__ __eot__ :-) __eou__ __eot__ ","lots of ways.  By people using it, and some error happens, and it leaves the entire OS in limbo __eou__",0
"yes, they're very useful to sudo __eou__ __eot__ %patrons  theatre_tickets(+opera_glasses) __eou__ __eot__ *g* __eou__ __eot__ netapplet disappointed me somewhat __eou__ __eot__ how so? __eou__ __eot__ didn't you remove ""Suspend"" from the battery applet? __eou__ __eot__ see Seth's post about NetworkManager on ddl? __eou__ __eot__ but the nc4010 has working WiFi <g> __eou__ remember, anything's better than that toilet seat of his <g> __eou__ __eot__ in this case i'm not sure i agree __eou__ __eot__ and what time (GMT) did you get up? :p __eou__ __eot__ hrm, yeah. that's a bug __eou__ *g* __eou__ __eot__ I'm at the ""need more walls to put more shelves on"" stage :-/ __eou__ __eot__ yeah __eou__ __eot__ yeah, I'm usually up by then __eou__ __eot__ talk to your pet evo hacker about it :p __eou__ __eot__ he does exchange stuff mostly, iirc __eou__ came up with syndicate __eou__ __eot__ i'm only going if i get knocked out by being snogged by some cute thing called safron __eou__ __eot__ ","heh __eou__ ah, you uploaded them ... that explains it then __eou__",1
"hi  everyone __eou__ kamion: the trashcan applet isn't showing on auckland, any idea why? __eou__ __eot__ it doesn't seem to have been built yet; the source is there but no .debs __eou__ this is the case for openssh -9 too, so I'm wondering if lamont's hilltop is down or something __eou__ __eot__ what's the rsync url for the latest warty daily nowadays? __eou__ __eot__ yes __eou__ hm, you actually have more folders than me? __eou__ no __eou__ the cdrom: URI needs to be in sources.list otherwise the cached copies don't work __eou__ I ran into this just yesterday __eou__ basically we do an update from the cdrom before reboot, and that sets up apt's database post-reboot properly __eou__ yeah, also an automatic cleaning issue, using /var/cache/apt/archives means that 'apt-get clean' gets rid of it __eou__ I wasn't suggesting making the CD mandatory, merely usable ... __eou__ __eot__ how are we for cd size at the moment? __eou__ __eot__ 'bout 100MB short of the wall __eou__ but you wouldn't be able to clean it automatically __eou__ and there's a debootstrap deficiency that means it'll probably actually be 1.2GB extra during the install __eou__ I was thinking of making archive-copier not bother to copy Base (since with the cdrom-detect change, debootstrap is now pretty fast by itself) __eou__ __eot__ agreed __eou__ __eot__ three kernel variants __eou__ __eot__ just testing the latest cd build and i have a network issue __eou__ __eot__ well, I was away running installs for a while there, but what mdz said __eou__ __eot__ ok, is that entirely out of scope for warty-final? __eou__ __eot__ don't think so, it should be a relatively small set of changes without too much risk to non-ipw2[12] 00 systems __eou__ __eot__ ok, restarted install with aero pcmcia, everything's slick, well done! __eou__ __eot__ ",on xchat an uparrow will bring up the last thing you typed. do it again and you get the previous one. (called brings up a history of hour comments)  Wonderful device. So you can use xchat for irc and the other for gtalk __eou__,0
"am I supposed to get a question about the modes I want to be available during xserver-xfree86 ubuntu7's postinst? __eou__ __eot__ it depends which version of xresprobe you are using, and in any case it is possible if it fails __eou__ it is done in postinst because we need the server unpacked __eou__ just check that you will get xresprobe 0.2-2 __eou__ __eot__ ok, so xresprobe still fails here __eou__ __eot__ ok. than we can't probe your box __eou__ yeah __eou__ __eot__ seems to do the same kind of thing __eou__ __eot__ i am pretty sure the option is broken. gotta go for real __eou__ we need to take a look to base-config when you have time __eou__ we need to add apt lines for CD install. __eou__ __eot__ agreed, will look at it once I've finished this __eou__ __eot__ if we are not in any rush i can do it tomorrow. we can just reuse contrib for universe e non-free for restriceted, and change security according to the last Bof with mdz __eou__ __eot__ sure __eou__ __eot__ ok.. i take the task than. __eou__ please do not release any Sounder until X ubuntu9 is around __eou__ __eot__ there's no release planned until Monday week anyway __eou__ __eot__ i think Sounder 8 will have to wait tuesday __eou__ i found a few interesting extra bugs in X __eou__ __eot__ not this coming Monday anyway, the Monday after that __eou__ __eot__ ",ok __eou__,1
"excellent, DTRT with a set root password too __eou__ I seem to be seeing ACPI errors from GNOME on startup with the current daily __eou__ ""Can't access ACPI events in /var/run/acpid.socket! Make sure the ACPI subsystem is working and the acpid daemon is running.@ __eou__ "" __eou__ __eot__ acpid not running? __eou__ oh! __eou__ I saw Catalan ""de Ubuntu"" issues in my Warty install the other day, btw. __eou__ __eot__ Tollef may not have known about that issue __eou__ n-c-b? __eou__ __eot__ nautilus-cd-burner __eou__ __eot__ ","nope __eou__ when you login, click on sessions, and select gnome __eou__ what does? __eou__ why? __eou__ it wont have.  You can create different profiles in firefox.  Make sure you're using the same one __eou__",0
"has the scary artwork gone in yet? __eou__ __eot__ there is some scary artwork __eou__ __eot__ Does the scary artwork involve people? __eou__ __eot__ not as far as I've seen __eou__ ok, so ubuntu rocks even more than I thought :) __eou__ __eot__ Ah, so not the really scary artwork yet __eou__ __eot__ ",i apoligize.. i do have home/tristan.. and also home/home  it seemed i was in the wrong spot lookin around.. sorry __eou__,0
"aes: your blog entry was a little confusing __eou__ i'd say 90% of packages are in universe, so no extra repositories would be needed __eou__ no need for pinning etc __eou__ probably, yes __eou__ :) __eou__ add ""deb http://ftp.no-name-yet.com/no-name-yet/ warty universe"" __eou__ np __eou__ i only discovered it when i moaned about the lack of xemacs :) __eou__ xemacs being broken? __eou__ i'm sure it is __eou__ __eot__ xemacs21 should be there soon __eou__ __eot__ its all in apart from xemacs21-basesupport __eou__ __eot__ we can't build xemacs21-packages (source for xemacs21-basesupport) because xemacs21-basesupport isn't built.  sigh. __eou__ it was more the people that were scary - the actual models aren't so scary __eou__ bug #1066 __eou__ cdrecord, or groisofs? __eou__ __eot__ ",probably growisofs as i was writing to a dvd-rw __eou__ lets blame railtrack __eou__,1
"well, yes.  But then, I'd have to actually do research to explain the rules definitively...  Not entirely sure which buildd's have hacked around the problem and which have not... __eou__ __eot__ sawfish is written in lithp, so i'm sure you could work something out __eou__ __eot__ why not just binNMU libapache2_mod_python? __eou__ __eot__ need to sync apache2 anyway __eou__ subversion needs fixes from a2, so that should be fixed. and i'd prefer to keep python and php in sync whilst we still can __eou__ __eot__ I _had_ DDR RAM, so I didn't buy more than the minimum when I bought the box.  sadly, that'd be registered vs unregistered or some such - my DDR was no good in the box... __eou__ __eot__ eh? we don't want the Defaults <user> timeout=0 bit from base config __eou__ __eot__ that's not what was actually done. __eou__ see - fat pipes just make you want _MORE_... __eou__ interesting __eou__ don' __eou__ there's a dfference? __eou__ __eot__ ",according to base-config __eou__ yes __eou__ bog standard install __eou__,1
"I think the scary artwork was planning to arrive once they'd posed the actual models, rather than the stock footage they used in the mockups... __eou__ __eot__ any news from the X buildd front? __eou__ __eot__ -6ubuntu7 is installed on all 3 __eou__ __eot__ good.. i was more thinking about the mime stuff :-) __eou__ __eot__ thought about it afterwards - I need to rewrite some perl code into python to fix it, that'll happen sometime soon, but today isn't very likely __eou__ __eot__ can you give it a kick later tonight_? __eou__ you can upgrade, but if you do so, either you do echo >> /etc/X11/XF86Config __eou__ are you on ubuntu10? __eou__ ubuntu9 was broken. please upgrade ubuntu10 __eou__ i have been working 14 hours yesterday to fix all the -reconfigure /upgrade thingy __eou__ you need only xserver-xfree86 and xserver-common from ubuntu10 __eou__ __eot__ but I have 9 and a working X config... __eou__ is -11 due anytime soon? __eou__ __eot__ dpkg-reconfigure won't work and it will smash your config __eou__ probably today or tomorrow __eou__ __eot__ yeah - I noticed.  But vi works.. __eou__ cool __eou__ __eot__ well it's enough you add a line at the end of the file __eou__ actually i was thinking to do it in the next 2/3 days __eou__ see why? __eou__ there will be an ubuntu12 at least __eou__ but not that urgent __eou__ __eot__ btw, I had to bump up the hsync/vsync to get my monitor happy __eou__ __eot__ please can you give me a bit more details? __eou__ __eot__ you're assuming that I remember what I changed??? __eou__ __eot__ ok hold on a sec... __eou__ can you do the tests in order as i described them to sounder@ ? __eou__ __eot__ sure.. gotta go find which mail they're in... __eou__ __eot__ yup __eou__ __eot__ noticed upgrading from -u7 to -u9, which was, of course, broken.  But we knew that __eou__ __eot__ there is ubuntu11 out. please use it __eou__ __eot__ ","yeah, I have 11 where I can upgrade easily __eou__ of course, I really don't want to restart X... __eou__ which of the many mails from you to sounder@ has the test sequence? __eou__",1
"What does ""Totally Rad Laptop Support"" actually involve? __eou__ __eot__ currently, laptop mode, some acpi stuff that doesn't send machines to sleep permanently, etc __eou__ ipw2{1,2}00 you mean? we will do __eou__ yeah __eou__ __eot__ What happened to the dreadful laptops? __eou__ Ultra-rad laptop support should include netapplet __eou__ __eot__ i was thinking that __eou__ __eot__ ",whats in your /etc/modules with relating ndiswrapper? __eou__,0
"working acpi, i gotta hope :) __eou__ __eot__ Are you still planning on doing an article on acpi at some point? __eou__ __eot__ yes __eou__ looks like the netapplet has the same bug about the notification area disappearing that many apps have, sigh __eou__ __eot__ Which one is that? __eou__ __eot__ this one's caused by c&p from broken code in libegg example. rhythmbox and gnome-obex-server get it right. __eou__ if i get the energy i'll make a patch __eou__ __eot__ Thanks - that sounds good __eou__ http://www.srcf.ucam.org/~mjg59/laptops/ __eou__ __eot__ cool. i'll likely bug you a little :) __eou__ __eot__ The acpi-support scripts there ought to do suspend/resume on your machine, too __eou__ __eot__ cool. i'll report back. __eou__ your packages are ok to use with warty? __eou__ __eot__ Should be, yup __eou__ __eot__ so S3 works nice with that kernel. is there anything i need to do specially to get swusp functioning? __eou__ __eot__ You need to add a resume line to your kernel command line options __eou__ __eot__ ","ok, done that but no luck. i'll look harder.. __eou__ your kernel doesn't want to play well with vga16fb in the initrd (the 2.6.8.1 did) any ideas? __eou__ i also get a slew of ""ERROR: removing 'module': Device or resource busy"" at the beginning of the boot __eou__ modprobing fbcon fixes the console issue, tho i don't know why it differs between yr kernel and the previous one __eou__",1
"we rock.  or sane rocks, or something.  Installed xsane, installed hpoj and It Just Works. __eou__ what is The Recommended Email Client in ubuntu?  Evolution? __eou__ __eot__ yes __eou__ any output that you see that is superflous is a bug, please file __eou__ __eot__ will do. __eou__ dhclient. __eou__ __eot__ ",I'm not sure how to handle dhclient because it actually grabs the terminal so that you can ctrl-c dhcp __eou__,1
"speaking of hpoj...... __eou__ ping? __eou__ ping __eou__ __eot__ pong __eou__ __eot__ are you logged into jabber from someplace else?  tried to reach you there first __eou__ __eot__ er, afaik I haven't been logged into Jabber for the last 48h. what's up? __eou__ this could be to do with vt switching being pure crap on your chipset maybe __eou__ uhm, tinyx is pre-kdrive __eou__ __eot__ well, if the framebuffer is already initialized, then there should be no mode switch __eou__ welcome home? __eou__ __eot__ yah. logged in to jabber, got your ping. __eou__ __eot__ ","let me check, thanks. __eou__",0
"OK, CDs hopefully now sorted with all the udebs at the front in Packages file order followed by all the debs in Packages file order __eou__ and the Packages files alphabetically sorted by source then package name __eou__ wonder how long that'll take to rsync ... __eou__ __eot__ oooh  __eou__ __eot__ could you run ""cat /proc/device-tree`cat /proc/device-tree/aliases/mac-io`/radio/name"" for me, please? __eou__ ah well, can't have everything __eou__ fair enough, might be more of an oldworld thing __eou__ __eot__ are the latest dailies package sorted? (or should i wait before downloading, to avoid rsync hell)? __eou__ __eot__ should be __eou__ rsync actually seems to deal with the sorting fairly reasonably __eou__ uuencode is pretty much the standard way to do that, actually __eou__ __eot__ that's unfortunate. :| __eou__ in which case, what's our favourite decoder? __eou__ __eot__ uudecode's in sharutils isn't it? __eou__ which packages do you think aptitude -y install ~tdesktop shouldn't have installed? it might be a germinate bug. __eou__ __eot__ fam and its libs (which should indeed be installed with the desktop), but i have other packages providing those __eou__ __eot__ yow - I echo elmo's objections to going to sleep when the lid is closed on AC __eou__ __eot__ eek __eou__ __eot__ best thing to do with them sometimes :-) __eou__ choosing __eou__ __eot__ what does openssh-server use openssh-client for? __eou__ proxy and so on, or...? __eou__ __eot__ /etc/ssh/moduli, ssh-keysign, couple of other common things __eou__ __eot__ was thinking last week - might be cool to have an ssh server with no ssh client __eou__ __eot__ I considered that, but decided against it. __eou__ __eot__ yo yo __eou__ did we decide against hdparm in d-i? __eou__ __eot__ ","I think we decided for it, I just haven't done it yet ... __eou__ in fact, how about I file a bug so that I remember __eou__ oh yes, I still get that grub stuff __eou__",1
"heh, libtiff __eou__ would it be possible to separate warty-changes and universe changes? __eou__ __eot__ the w-b stuff is all the same place, so somehow I kinda doubt it... __eou__ are there baglimits on bob2's? __eou__ the changelog said 'goswin' __eou__ __eot__ ",changelog of? __eou__,1
"xserver-xfree86 is asking me a question __eou__ __eot__ the unmitigated gall of it. :-) __eou__ please sudo ls /var/spool/postfix/{public,private} __eou__ __eot__ ",i just installed sshd and i'd like to check all the logins :) __eou__ yes ... i installed syslog-ng __eou__ but i'd like to be able to build a script by myself :P __eou__ because i didn't successed __eou__ ok __eou__,0
"you can right click on the file in nautilus __eou__ and add to the playlist __eou__ __eot__ nope, doesn't work. __eou__ not over sftp. __eou__ libgnomecups __eou__ what language are you running with? __eou__ __eot__ it displays some messages in the console if you run it from a gnome-terminal __eou__ __eot__ well, I'm just a stupid user who doesn't ""run"" it, it just starts automatically, and if I pop in one of my thumbdrives, it works, if I pop the other one in, it doesn't. __eou__ had a look at my epiphany bug? __eou__ __eot__ seen it, I'll do an upload soon __eou__ I've uploaded epiphany some days ago __eou__ __eot__ care to add that build-dep and upload? __eou__ __eot__ ok, I'll do it __eou__ __eot__ any idea about 1443? __eou__ __eot__ no idea for 1443, sorry __eou__ __eot__ what is the environment var I need to set to get glib's g_log function to output stuff? __eou__ __eot__ there is no variable __eou__ depending on the code, what's the output of g_log in your program ? __eou__ __eot__ g_log (LM_LOG_DOMAIN, LM_LOG_LEVEL_NET, ""\nRECV [%d] :\n"",  __eou__ __eot__ g_log_default_handler () __eou__ __eot__ ok, thanks. :) __eou__ __eot__ np __eou__ __eot__ yes; arc packages are _very_ rare. __eou__ __eot__ the fix is not trivial __eou__ __eot__ sure it is, remove the x-arc entry, since it's wrong. __eou__ __eot__ ","provided trash hasn't been cleaned, yes __eou__",0
"Is there going to be another test release before the weekend? __eou__ __eot__ you mean including Sounder 7 or not? __eou__ righto, hopefully tonight but I have no idea how late __eou__ what about them? __eou__ __eot__ ",cannot find server is different from 404. http://www.doom9.org __eou__,0
"see my bug on grub bootsplash? __eou__ __eot__ yes, I already responded __eou__ Colin already posted a patch, I'll check it tomorrow __eou__ I have to get a basic usplash in post-haste __eou__ __eot__ any other changes from the test package in your homedir? __eou__ __eot__ ","a new upstream release mad the patch slightly different, but basically the same __eou__ can you file a bug on it with a screenshot of the properties in hal-device-manager? __eou__",1
"I DID HAVE, until some fascist stole it __eou__ __eot__ how do you know he wasn't a liberal, or a labourer? __eou__ it does? __eou__ __eot__ so just you and me then? ;-) __eou__ __eot__ yup ;) __eou__ please, just a small ssl cert fortune? __eou__ __eot__ NO! __eou__ __eot__ s/graphical// __eou__ __eot__ chunderbird is my least favourite so far, especially now that mutt imap doesn't suck __eou__ __eot__ chunderbird? you mean thunderbird?  and you have applied the imap header caching patch and so on? __eou__ __eot__ i have the imap header caching patch in mutt, yeah __eou__ __eot__ is it possible to put a laptop to sleep without closing the lid? __eou__ __eot__ ","I don't use anything right now, was thinking on going with defaults, but if you say it works with thunderbird, and I can't get it to work with NO efforts with evolution, then thunderbird it'll be __eou__",0
"dhcp is not always your friend. __eou__ what additional config does postfix need to send mail for your 80%?? __eou__ __eot__ needs /etc/mailname set to a domain that exists outside your LAN, and relayhost set to the ISP's SMTP server (since most of them block outbound port 25 these days) __eou__ __eot__ yeah - that'd be those pesky questions things... :-( __eou__ pardon my frustration, bntw. __eou__ are you trying to set the RHS to a CNAME??? __eou__ __eot__ ",not sure __eou__,0
"will any mono apps be bundled with core? Or are they just going to remain in ""universe""? __eou__ __eot__ hoary probably; we froze warty before mono 1.0 __eou__ you mean a P-M ... there isn't a P4-M __eou__ generally speaking, new/novice users will only dist-upgrade between releases.  It tends to be fine then, because the end result of each works __eou__ __eot__ ",are you sure you don't have a virus? __eou__ A similar thing happened to my brothers computer while playing WoW __eou__ turned out he had somehow gotten a virus and couldnt boot anymore __eou__,0
"""crack""? :) __eou__ I've been typing on keyboards for somewhere in the range of twenty years.. if I were to get RSI, I would have had it as a ten-year old. __eou__ what via crash? __eou__ __eot__ XFree was deeply unhappy on the via graphics chipsetted laptops __eou__ __eot__ ok, via graphics chipset, I don't think I have that __eou__ __eot__ ","i have never messed with it, so i don't know __eou__",0
"ok, I haven't taken the C3 out of its box yet actually, but remind me tomorrow __eou__ or if it's more urgent I'll make time this evening __eou__ it's getting quite scary __eou__ __eot__ well, clearly you have no need for that grey pos and can send it to me ;) __eou__ you have an amd64? __eou__ __eot__ not quite yet __eou__ __eot__ rad __eou__ right __eou__ __eot__ the xresprobe package, I mean __eou__ __eot__ right __eou__ well, note the above if you ever need to use xresprobe for anything installer-wise or whatever :) __eou__ __eot__ ","I plan not to touch X if I can help it, but thanks :) __eou__",1
"i suspect that's the one psi has __eou__ half the time, psi just kicks up a new window with its notification icon, instead of using the area __eou__ __eot__ sounds like a different bug __eou__ __eot__ rad __eou__ rad __eou__ does that build and work for you? if so, could you please nmu it with a note that i asked? __eou__ oh, and if you could patch the Makefile.am as well as the Makefile.in, that'd rock. cheers. __eou__ (and priority=high to hit sarge) __eou__ yo :) __eou__ i use g-p-m and g-o-s, as well as the other gnome-bluetooth stuff, and it's mad phat __eou__ ah, suck :\ __eou__ __eot__ walk to the nearest market and pay a few quid for them to unlock it __eou__ __eot__ nice book; i'm thoroughly enjoying it thus far __eou__ how's things? __eou__ __eot__ they're going ok thanks. i'm going crazy right now trying to, umm,write a book about debian __eou__ __eot__ heh, nice one __eou__ __eot__ but what i'd rather be doing is playing with ubuntu etc __eou__ __eot__ ","hm,ok,don'T have experience with encrypted filesystems __eou__ can that be mounted with a live-cd too? __eou__",0
"all cool people have amd64s __eou__ __eot__ bah __eou__ __eot__ seems to work fine on my workstation. __eou__ __eot__ ... __eou__ __eot__ I'm sure you'll love the ia32-libs source.  A chummy 138MB. __eou__ __eot__ i'm melltinnnnggggg! __eou__ __eot__ sure, we'll make d-i shinygraphical __eou__ __eot__ ",i need a new apt __eou__,0
"Actually, I can test this... __eou__ __eot__ you can?  ewww __eou__ __eot__ My network setup partially dates back to the time when I couldn't afford a hub __eou__ __eot__ ",seems we are in the same boat __eou__,0
"don't see what's wrong with it, I kinda like the idea of seeing link strength of adjacent networks through hal __eou__ makes writing applets so much easier :p __eou__ __eot__ heh __eou__ maybe this thread: http://freedesktop.org/pipermail/hal/2004-May/000170.html __eou__ __eot__ yeah, read that one __eou__ isn't it like 10 or 11am there though? __eou__ are you sure that's not 9pm?!  Since when do you get up in the morning? __eou__ __eot__ ever since I got back :\ __eou__ i'm a uni bum, i'm cheap __eou__ __eot__ just put Kinnison on your testicles, it's far more ... effective __eou__ __eot__ don't give him ideas. __eou__ yeah __eou__ whichI never did get workng properl __eou__ __eot__ I just stuck ""auth enable;"" in /etc/bluetooth/hcid.conf __eou__ I'll do it for love and money __eou__ __eot__  it got past makeafle,you won __eou__ how's the build? __eou__ __eot__ whirring ... got tripped by the lack of an .orig.tar.gz <g> __eou__ __eot__ fuck __eou__ __eot__ sudo -s __eou__ is building shit now __eou__ __eot__ sigh, thanks __eou__ __eot__ I've never built X before ... I'm going to leave it running __eou__ __eot__ buy more machines, then :P __eou__ __eot__ isn't that, it's that they're just boring and not new :p __eou__ ""sprayed drink over"" I suspect __eou__ __eot__ probably $bling when it comes out here, though __eou__ the k700i is a mere $au700 outright (not simlocked), and that's the exact same as the t630 __eou__ __eot__ cheap to unlock though __eou__ __eot__ ", scp /path/to/localfile user@server:/remote/path/  iirc __eou__,0
"how do I get flash plugins working in warty? __eou__ __eot__ apt-get install swf-player __eou__ __eot__ thanks.  I was searching in synaptic for names with ""flash"" in, not ""swf"" __eou__ __eot__ ubuntu team meeting is in progress __eou__ __eot__ ",sorry -- figured that would be on ubuntu-meeting __eou__,1
"how does kdrive rate against a one second startup? __eou__ __eot__ not quite sure, but it's pretty damn quick. most of it is, of course, in the mode switch :\ __eou__ __eot__ can we make kdrive use vesa without a mode switch (ie. if use the current mode)? __eou__ that is what xdirectfb does and its fast __eou__ __eot__ ","i don't use thunderbird, but i still think that it should be a setting within thunderbird or no setting at all. btw it's not ""european date format"", it's the ISO format, i e international format. :D __eou__",0
"or we could install fortune ... __eou__ xscreensaver is sitting permuting ""No such file or directory"" around the amd's screen at the moment __eou__ ubuntu-fortunes? :-) __eou__ we can have fortune-mod without all the actual data, can't we? __eou__ __eot__ is that the xscreensaver-fortunes when fortune isnt installed? __eou__ __eot__ yes __eou__ __eot__ the load could be dealt with by just having a couple of reverse-squid boxes in front of the main/cdimage servers __eou__ q: has the 5minute authenication cache been disabled?  It'll drive people nuts __eou__ __eot__ base-config (2.44ubuntu14) warty; urgency=low __eou__ assuming that's what you meant __eou__ __eot__ !praise $DEITY __eou__ what would be useful is to have gtksudo still pop up a dialogue if it is called;  stating that you are still authenicated but asking you to confirm the command (and showing it) with an OK __eou__ __eot__ not my field :) __eou__ um, d-i does __eou__ the issue is probably not dud burns there, it's that the archive has newer versions of packages than the CD __eou__ __eot__ both probably contribute to the problem __eou__ yes we can.  Just munge Canonical's offical ISO's with an extra flag __eou__ __eot__ disapprove heavily of that kind of thing __eou__ also, we'll be publishing the official ISOs; what's to stop people burning them, or indeed from copying pressed CDs? __eou__ __eot__ ``I see you're using a self-burnt CD.  Would you like me to checksum it first?'' __eou__ can bit-twiddle sometime off the end of the CD __eou__ __eot__ I disapprove of doing something I can't even test myself! __eou__ __eot__ can bit-twiddle something off the end of the CD;  is somebody copies it, it'll disappear __eou__ __eot__ I will not do that, sorry __eou__ __eot__ ","if I wrote the code, would you consider using it?  :-) __eou__",1
atheros __eou__ __eot__ you forget where I used to work? __eou__ __eot__ routing him would be less comfortable :-) __eou__ __eot__ ,"hasn't got us any yet, has it? __eou__ it still wouldn't be HIGgy though :( __eou__",1
"talking of which ... hal doesn't work on warty __eou__ starts then exits __eou__ trying to figure out why atm __eou__ __eot__ I have the same problem __eou__ though, I installed debian's kernel-image-2.6.8 and it seems to work, go figure __eou__ __eot__ what wifi card have you got in that thinkpad of yours? __eou__ __eot__ madwifi __eou__ oh, I know this bug __eou__ its fixed now upstream __eou__ I made a patch for it one time a while back __eou__ let me get the patch __eou__ http://bugs.breakmygentoo.net/attachment.cgi?id=327&action=view __eou__ no, the code was removed upstream a few days after my patch __eou__ they decided to roll back the wifi stuff __eou__ we could always get the newest dbus and hal (which may not actually be a bad idea) __eou__ with English becoming such a universal language, we should just switch everyone to EST as well ;) (JK!!!) __eou__ __eot__ ok, from hal-device-manager's stdout I get: __eou__ __eot__ check out hal-device-manager -- does it have the right properties of something mountable? __eou__ __eot__ how do I tell? __eou__ __eot__ ","block.is_volume, block.storage_device, info.capabilities = *block volume* __eou__ that may be the problem, perhaps hal isn't aware of your devices __eou__",1
"not only that, suspending with apm requires root and there was no provision for that __eou__ __eot__ better than starting stupeed yelp __eou__ __eot__ yes, I never use it for help __eou__ __eot__ got my mail, by the way? __eou__ __eot__ ","mostly, using apps that are no longer developed arent advisable, heh __eou__",0
"no, the thread is on warty list __eou__ __eot__ this will all hopefully be a non-issue with sourcerer :-) __eou__ __eot__ could we get bugzilla components for xscreensaver, gnome-applets and trashapplet ? __eou__ __eot__ yes, I'll add them __eou__ __eot__ ok, thanks __eou__ __eot__ done __eou__ __eot__ libgtop2 (which is a part of the GNOME desktop) has just made a soname change. Warty has only 2 reverse depends on it, there is no problem to update to the new version now (I've the 3 packages ready, just checking) ? __eou__ __eot__ sounds fine __eou__ how is eject/remove supposed to work in nautilus? __eou__ __eot__ right click on the device icon, eject/umount  __eou__ __eot__ we'll need to do something about the security issue; I think we'll probably sync the new version __eou__ an upload of gaim? __eou__ based on 1:0.82.1-1? __eou__ I'll reassign the security bug to you, then, and you can close it when you upload __eou__ isn't that correct? __eou__ is that difficult to implement? __eou__ can this be fixed today?  it's very important to me that our daily CD builds work at this point __eou__ evolution1.5 and evolution-data-server cannot be installed simultaneously __eou__ __eot__ gni ? __eou__ I've uploaded all the piece in the same time this morning __eou__ seems to be fine for evolution here, do you still have some problem with an update ? __eou__ __eot__ no, fine now __eou__ any idea? __eou__ __eot__ I'm just back from dinner __eou__ __eot__ ","in the manual install thing, you can choose to not format a partition before installing. that keeps /home __eou__ er  manual partition thing, i mean __eou__ id ask that in #ubuntu-ops __eou__",0
